number,position,positionText,points,grid,laps,status,Driver.driverId,Driver.permanentNumber,Driver.code,Driver.url,Driver.givenName,Driver.familyName,Driver.dateOfBirth,Driver.nationality,Constructor.constructorId,Constructor.url,Constructor.name,Constructor.nationality,Time.millis,Time.time,FastestLap.rank,FastestLap.lap,FastestLap.Time.time,FastestLap.AverageSpeed.units,FastestLap.AverageSpeed.speed,raceName,round,season,podium,constructor_cum_points,driver_avg_last5,driver_podiums_last5,driver_best_last5,driver_worst_last5,teammate_grid,teammate_position,grid_delta_vs_teammate,position_delta_vs_teammate
77,8,8,4.0,12,57,Finished,bottas,77,BOT,http://en.wikipedia.org/wiki/Valtteri_Bottas,Valtteri,Bottas,1989-08-28,Finnish,alfa,http://en.wikipedia.org/wiki/Alfa_Romeo_in_Formula_One,Alfa Romeo,Swiss,5709383.0,+1:12.647,18.0,31.0,1:37.379,kph,200.075,Bahrain Grand Prix,1,2023,0,0.0,3.2,4.0,3.0,4.0,13,16,-1,-8
24,16,16,0.0,13,56,Lapped,zhou,24,ZHO,http://en.wikipedia.org/wiki/Zhou_Guanyu,Guanyu,Zhou,1999-05-30,Chinese,alfa,http://en.wikipedia.org/wiki/Alfa_Romeo_in_Formula_One,Alfa Romeo,Swiss,5676385.0,+39.649,1.0,56.0,1:33.996,kph,207.276,Bahrain Grand Prix,1,2023,0,4.0,1.4,5.0,1.0,2.0,12,8,1,8
22,11,11,0.0,14,57,Finished,tsunoda,22,TSU,http://en.wikipedia.org/wiki/Yuki_Tsunoda,Yuki,Tsunoda,2000-05-11,Japanese,alphatauri,http://en.wikipedia.org/wiki/Scuderia_AlphaTauri,AlphaTauri,Italian,5727606.0,+1:30.870,12.0,42.0,1:36.637,kph,201.612,Bahrain Grand Prix,1,2023,0,4.0,9.8,0.0,4.0,20.0,19,14,-5,-3
21,14,14,0.0,19,56,Lapped,de_vries,21,DEV,http://en.wikipedia.org/wiki/Nyck_de_Vries,Nyck,de Vries,1995-02-06,Dutch,alphatauri,http://en.wikipedia.org/wiki/Scuderia_AlphaTauri,AlphaTauri,Italian,5659259.0,+22.523,19.0,30.0,1:37.709,kph,199.4,Bahrain Grand Prix,1,2023,0,0.0,13.6,0.0,8.0,18.0,14,11,5,3
31,18,R,0.0,9,41,Retired,ocon,31,OCO,http://en.wikipedia.org/wiki/Esteban_Ocon,Esteban,Ocon,1996-09-17,French,alpine,http://en.wikipedia.org/wiki/Alpine_F1_Team,Alpine F1 Team,French,,,13.0,34.0,1:36.797,kph,201.278,Bahrain Grand Prix,1,2023,0,2.0,13.2,0.0,6.0,17.0,20,9,-11,9
10,9,9,2.0,20,57,Finished,gasly,10,GAS,http://en.wikipedia.org/wiki/Pierre_Gasly,Pierre,Gasly,1996-02-07,French,alpine,http://en.wikipedia.org/wiki/Alpine_F1_Team,Alpine F1 Team,French,5710489.0,+1:13.753,2.0,42.0,1:35.068,kph,204.939,Bahrain Grand Prix,1,2023,0,0.0,16.2,0.0,14.0,20.0,9,18,11,-9
14,3,3,15.0,5,57,Finished,alonso,14,ALO,http://en.wikipedia.org/wiki/Fernando_Alonso,Fernando,Alonso,1981-07-29,Spanish,aston_martin,http://en.wikipedia.org/wiki/Aston_Martin_in_Formula_One,Aston Martin,British,5675373.0,+38.637,5.0,36.0,1:36.156,kph,202.62,Bahrain Grand Prix,1,2023,1,2.0,14.8,0.0,10.0,19.0,8,6,-3,-3
18,6,6,8.0,8,57,Finished,stroll,18,STR,http://en.wikipedia.org/wiki/Lance_Stroll,Lance,Stroll,1998-10-29,Canadian,aston_martin,http://en.wikipedia.org/wiki/Aston_Martin_in_Formula_One,Aston Martin,British,5691238.0,+54.502,9.0,32.0,1:36.546,kph,201.802,Bahrain Grand Prix,1,2023,0,15.0,16.0,0.0,12.0,20.0,5,3,3,3
16,19,R,0.0,3,39,Retired,leclerc,16,LEC,http://en.wikipedia.org/wiki/Charles_Leclerc,Charles,Leclerc,1997-10-16,Monegasque,ferrari,http://en.wikipedia.org/wiki/Scuderia_Ferrari,Ferrari,Italian,,,16.0,37.0,1:37.170,kph,200.506,Bahrain Grand Prix,1,2023,0,12.0,13.2,0.0,7.0,17.0,4,4,-1,15
55,4,4,12.0,4,57,Finished,sainz,55,SAI,http://en.wikipedia.org/wiki/Carlos_Sainz_Jr.,Carlos,Sainz,1994-09-01,Spanish,ferrari,http://en.wikipedia.org/wiki/Scuderia_Ferrari,Ferrari,Italian,5684788.0,+48.052,14.0,37.0,1:37.130,kph,200.588,Bahrain Grand Prix,1,2023,0,23.0,8.2,0.0,4.0,18.0,3,19,1,-15
27,15,15,0.0,10,56,Lapped,hulkenberg,27,HUL,http://en.wikipedia.org/wiki/Nico_H%C3%BClkenberg,Nico,Hülkenberg,1987-08-19,German,haas,http://en.wikipedia.org/wiki/Haas_F1_Team,Haas F1 Team,American,5675647.0,+38.911,11.0,42.0,1:36.616,kph,201.656,Bahrain Grand Prix,1,2023,0,0.0,4.8,1.0,2.0,6.0,17,13,-7,2
20,13,13,0.0,17,56,Lapped,kevin_magnussen,20,MAG,http://en.wikipedia.org/wiki/Kevin_Magnussen,Kevin,Magnussen,1992-10-05,Danish,haas,http://en.wikipedia.org/wiki/Haas_F1_Team,Haas F1 Team,American,5653493.0,+16.757,8.0,42.0,1:36.471,kph,201.959,Bahrain Grand Prix,1,2023,0,12.0,11.2,1.0,3.0,20.0,10,15,7,-2
4,17,17,0.0,11,55,Lapped,norris,4,NOR,http://en.wikipedia.org/wiki/Lando_Norris,Lando,Norris,1999-11-13,British,mclaren,http://en.wikipedia.org/wiki/McLaren,McLaren,British,5643372.0,+6.636,3.0,51.0,1:35.822,kph,203.327,Bahrain Grand Prix,1,2023,0,0.0,12.6,0.0,10.0,17.0,18,20,-7,-3
81,20,R,0.0,18,13,Retired,piastri,81,PIA,http://en.wikipedia.org/wiki/Oscar_Piastri,Oscar,Piastri,2001-04-06,Australian,mclaren,http://en.wikipedia.org/wiki/McLaren,McLaren,British,,,20.0,3.0,1:40.691,kph,193.494,Bahrain Grand Prix,1,2023,0,0.0,2.2,4.0,1.0,5.0,11,17,7,3
63,7,7,6.0,6,57,Finished,russell,63,RUS,http://en.wikipedia.org/wiki/George_Russell_(racing_driver),George,Russell,1998-02-15,British,mercedes,http://en.wikipedia.org/wiki/Mercedes-Benz_in_Formula_One,Mercedes,German,5692609.0,+55.873,17.0,33.0,1:37.221,kph,200.401,Bahrain Grand Prix,1,2023,0,10.0,14.6,0.0,8.0,20.0,7,5,-1,2
44,5,5,10.0,7,57,Finished,hamilton,44,HAM,http://en.wikipedia.org/wiki/Lewis_Hamilton,Lewis,Hamilton,1985-01-07,British,mercedes,http://en.wikipedia.org/wiki/Mercedes-Benz_in_Formula_One,Mercedes,German,5687713.0,+50.977,10.0,36.0,1:36.546,kph,201.802,Bahrain Grand Prix,1,2023,0,0.0,10.6,0.0,8.0,14.0,6,7,1,-2
1,1,1,25.0,1,57,Finished,max_verstappen,33,VER,http://en.wikipedia.org/wiki/Max_Verstappen,Max,Verstappen,1997-09-30,Dutch,red_bull,http://en.wikipedia.org/wiki/Red_Bull_Racing,Red Bull,Austrian,5636736.0,1:33:56.736,6.0,44.0,1:36.236,kph,202.452,Bahrain Grand Prix,1,2023,1,16.0,10.6,0.0,10.0,11.0,2,2,-1,-1
11,2,2,18.0,2,57,Finished,perez,11,PER,http://en.wikipedia.org/wiki/Sergio_P%C3%A9rez,Sergio,Pérez,1990-01-26,Mexican,red_bull,http://en.wikipedia.org/wiki/Red_Bull_Racing,Red Bull,Austrian,5648723.0,+11.987,7.0,37.0,1:36.344,kph,202.225,Bahrain Grand Prix,1,2023,1,25.0,12.8,0.0,8.0,18.0,1,1,1,1
23,10,10,1.0,15,57,Finished,albon,23,ALB,http://en.wikipedia.org/wiki/Alexander_Albon,Alexander,Albon,1996-03-23,Thai,williams,http://en.wikipedia.org/wiki/Williams_Grand_Prix_Engineering,Williams,British,5726510.0,+1:29.774,15.0,43.0,1:37.144,kph,200.559,Bahrain Grand Prix,1,2023,0,43.0,,,,,16,12,-1,-2
2,12,12,0.0,16,56,Lapped,sargeant,2,SAR,http://en.wikipedia.org/wiki/Logan_Sargeant,Logan,Sargeant,2000-12-31,American,williams,http://en.wikipedia.org/wiki/Williams_Grand_Prix_Engineering,Williams,British,5637872.0,+1.136,4.0,42.0,1:36.037,kph,202.871,Bahrain Grand Prix,1,2023,0,1.0,6.4,0.0,4.0,12.0,15,10,1,2
24,13,13,0.0,11,50,Finished,zhou,24,ZHO,http://en.wikipedia.org/wiki/Zhou_Guanyu,Guanyu,Zhou,1999-05-30,Chinese,alfa,http://en.wikipedia.org/wiki/Alfa_Romeo_in_Formula_One,Alfa Romeo,Swiss,4950954.0,+1:16.060,13.0,49.0,1:33.894,kph,236.718,Saudi Arabian Grand Prix,2,2023,0,1.0,16.0,0.0,16.0,16.0,14,18,-3,-5
77,18,18,0.0,14,49,Lapped,bottas,77,BOT,http://en.wikipedia.org/wiki/Valtteri_Bottas,Valtteri,Bottas,1989-08-28,Finnish,alfa,http://en.wikipedia.org/wiki/Alfa_Romeo_in_Formula_One,Alfa Romeo,Swiss,4904478.0,+29.584,17.0,37.0,1:34.384,kph,235.489,Saudi Arabian Grand Prix,2,2023,0,4.0,8.0,0.0,8.0,8.0,11,13,3,5
22,11,11,0.0,16,50,Finished,tsunoda,22,TSU,http://en.wikipedia.org/wiki/Yuki_Tsunoda,Yuki,Tsunoda,2000-05-11,Japanese,alphatauri,http://en.wikipedia.org/wiki/Scuderia_AlphaTauri,AlphaTauri,Italian,4942388.0,+1:07.494,14.0,50.0,1:33.931,kph,236.624,Saudi Arabian Grand Prix,2,2023,0,4.0,11.0,0.0,11.0,11.0,18,14,-2,-3
21,14,14,0.0,18,50,Finished,de_vries,21,DEV,http://en.wikipedia.org/wiki/Nyck_de_Vries,Nyck,de Vries,1995-02-06,Dutch,alphatauri,http://en.wikipedia.org/wiki/Scuderia_AlphaTauri,AlphaTauri,Italian,4952372.0,+1:17.478,11.0,49.0,1:33.609,kph,237.438,Saudi Arabian Grand Prix,2,2023,0,0.0,14.0,0.0,14.0,14.0,16,11,2,3
31,8,8,4.0,6,50,Finished,ocon,31,OCO,http://en.wikipedia.org/wiki/Esteban_Ocon,Esteban,Ocon,1996-09-17,French,alpine,http://en.wikipedia.org/wiki/Alpine_F1_Team,Alpine F1 Team,French,4927726.0,+52.832,8.0,49.0,1:33.222,kph,238.424,Saudi Arabian Grand Prix,2,2023,0,0.0,18.0,0.0,18.0,18.0,9,9,-3,-1
10,9,9,2.0,9,50,Finished,gasly,10,GAS,http://en.wikipedia.org/wiki/Pierre_Gasly,Pierre,Gasly,1996-02-07,French,alpine,http://en.wikipedia.org/wiki/Alpine_F1_Team,Alpine F1 Team,French,4929641.0,+54.747,10.0,50.0,1:33.392,kph,237.99,Saudi Arabian Grand Prix,2,2023,0,6.0,9.0,0.0,9.0,9.0,6,8,3,1
14,3,3,15.0,2,50,Finished,alonso,14,ALO,http://en.wikipedia.org/wiki/Fernando_Alonso,Fernando,Alonso,1981-07-29,Spanish,aston_martin,http://en.wikipedia.org/wiki/Aston_Martin_in_Formula_One,Aston Martin,British,4895622.0,+20.728,3.0,50.0,1:32.240,kph,240.962,Saudi Arabian Grand Prix,2,2023,1,8.0,3.0,1.0,3.0,3.0,5,20,-3,-17
18,20,R,0.0,5,16,Retired,stroll,18,STR,http://en.wikipedia.org/wiki/Lance_Stroll,Lance,Stroll,1998-10-29,Canadian,aston_martin,http://en.wikipedia.org/wiki/Aston_Martin_in_Formula_One,Aston Martin,British,,,19.0,7.0,1:35.140,kph,233.617,Saudi Arabian Grand Prix,2,2023,0,38.0,6.0,0.0,6.0,6.0,2,3,3,17
55,6,6,8.0,4,50,Finished,sainz,55,SAI,http://en.wikipedia.org/wiki/Carlos_Sainz_Jr.,Carlos,Sainz,1994-09-01,Spanish,ferrari,http://en.wikipedia.org/wiki/Scuderia_Ferrari,Ferrari,Italian,4910770.0,+35.876,5.0,50.0,1:32.822,kph,239.451,Saudi Arabian Grand Prix,2,2023,0,38.0,4.0,0.0,4.0,4.0,12,7,-8,-1
16,7,7,6.0,12,50,Finished,leclerc,16,LEC,http://en.wikipedia.org/wiki/Charles_Leclerc,Charles,Leclerc,1997-10-16,Monegasque,ferrari,http://en.wikipedia.org/wiki/Scuderia_Ferrari,Ferrari,Italian,4918056.0,+43.162,7.0,47.0,1:33.056,kph,238.849,Saudi Arabian Grand Prix,2,2023,0,20.0,19.0,0.0,19.0,19.0,4,6,8,1
27,12,12,0.0,10,50,Finished,hulkenberg,27,HUL,http://en.wikipedia.org/wiki/Nico_H%C3%BClkenberg,Nico,Hülkenberg,1987-08-19,German,haas,http://en.wikipedia.org/wiki/Haas_F1_Team,Haas F1 Team,American,4945482.0,+1:10.588,12.0,50.0,1:33.780,kph,237.005,Saudi Arabian Grand Prix,2,2023,0,1.0,15.0,0.0,15.0,15.0,13,10,-3,2
20,10,10,1.0,13,50,Finished,kevin_magnussen,20,MAG,http://en.wikipedia.org/wiki/Kevin_Magnussen,Kevin,Magnussen,1992-10-05,Danish,haas,http://en.wikipedia.org/wiki/Haas_F1_Team,Haas F1 Team,American,4939720.0,+1:04.826,9.0,44.0,1:33.374,kph,238.036,Saudi Arabian Grand Prix,2,2023,0,26.0,13.0,0.0,13.0,13.0,10,12,3,-2
81,15,15,0.0,8,50,Finished,piastri,81,PIA,http://en.wikipedia.org/wiki/Oscar_Piastri,Oscar,Piastri,2001-04-06,Australian,mclaren,http://en.wikipedia.org/wiki/McLaren,McLaren,British,4959915.0,+1:25.021,16.0,48.0,1:34.287,kph,235.731,Saudi Arabian Grand Prix,2,2023,0,1.0,20.0,0.0,20.0,20.0,19,17,-11,-2
4,17,17,0.0,19,50,Finished,norris,4,NOR,http://en.wikipedia.org/wiki/Lando_Norris,Lando,Norris,1999-11-13,British,mclaren,http://en.wikipedia.org/wiki/McLaren,McLaren,British,4961339.0,+1:26.445,15.0,49.0,1:34.122,kph,236.144,Saudi Arabian Grand Prix,2,2023,0,0.0,17.0,0.0,17.0,17.0,8,15,11,2
63,4,4,12.0,3,50,Finished,russell,63,RUS,http://en.wikipedia.org/wiki/George_Russell_(racing_driver),George,Russell,1998-02-15,British,mercedes,http://en.wikipedia.org/wiki/Mercedes-Benz_in_Formula_One,Mercedes,German,4900760.0,+25.866,4.0,50.0,1:32.433,kph,240.459,Saudi Arabian Grand Prix,2,2023,0,0.0,7.0,0.0,7.0,7.0,7,5,-4,-1
44,5,5,10.0,7,50,Finished,hamilton,44,HAM,http://en.wikipedia.org/wiki/Lewis_Hamilton,Lewis,Hamilton,1985-01-07,British,mercedes,http://en.wikipedia.org/wiki/Mercedes-Benz_in_Formula_One,Mercedes,German,4905959.0,+31.065,6.0,47.0,1:32.941,kph,239.145,Saudi Arabian Grand Prix,2,2023,0,28.0,5.0,0.0,5.0,5.0,3,4,4,1
11,1,1,25.0,1,50,Finished,perez,11,PER,http://en.wikipedia.org/wiki/Sergio_P%C3%A9rez,Sergio,Pérez,1990-01-26,Mexican,red_bull,http://en.wikipedia.org/wiki/Red_Bull_Racing,Red Bull,Austrian,4874894.0,1:21:14.894,2.0,38.0,1:32.188,kph,241.098,Saudi Arabian Grand Prix,2,2023,1,38.0,2.0,1.0,2.0,2.0,15,2,-14,-1
1,2,2,18.0,15,50,Finished,max_verstappen,33,VER,http://en.wikipedia.org/wiki/Max_Verstappen,Max,Verstappen,1997-09-30,Dutch,red_bull,http://en.wikipedia.org/wiki/Red_Bull_Racing,Red Bull,Austrian,4880249.0,+5.355,1.0,50.0,1:31.906,kph,241.838,Saudi Arabian Grand Prix,2,2023,1,68.0,1.0,1.0,1.0,1.0,1,1,14,1
23,19,R,0.0,17,27,Retired,albon,23,ALB,http://en.wikipedia.org/wiki/Alexander_Albon,Alexander,Albon,1996-03-23,Thai,williams,http://en.wikipedia.org/wiki/Williams_Grand_Prix_Engineering,Williams,British,,,20.0,24.0,1:35.567,kph,232.574,Saudi Arabian Grand Prix,2,2023,0,1.0,10.0,0.0,10.0,10.0,20,16,-3,3
2,16,16,0.0,20,50,Finished,sargeant,2,SAR,http://en.wikipedia.org/wiki/Logan_Sargeant,Logan,Sargeant,2000-12-31,American,williams,http://en.wikipedia.org/wiki/Williams_Grand_Prix_Engineering,Williams,British,4961187.0,+1:26.293,18.0,49.0,1:34.469,kph,235.277,Saudi Arabian Grand Prix,2,2023,0,86.0,12.0,0.0,12.0,12.0,17,19,3,-3
24,9,9,2.0,17,58,Finished,zhou,24,ZHO,http://en.wikipedia.org/wiki/Zhou_Guanyu,Guanyu,Zhou,1999-05-30,Chinese,alfa,http://en.wikipedia.org/wiki/Alfa_Romeo_in_Formula_One,Alfa Romeo,Swiss,9164084.0,+5.713,16.0,48.0,1:21.819,kph,232.229,Australian Grand Prix,3,2023,0,1.0,14.5,0.0,13.0,16.0,19,11,-2,-2
77,11,11,0.0,19,58,Finished,bottas,77,BOT,http://en.wikipedia.org/wiki/Valtteri_Bottas,Valtteri,Bottas,1989-08-28,Finnish,alfa,http://en.wikipedia.org/wiki/Alfa_Romeo_in_Formula_One,Alfa Romeo,Swiss,9164884.0,+6.513,17.0,46.0,1:22.233,kph,231.06,Australian Grand Prix,3,2023,0,6.0,13.0,0.0,8.0,18.0,17,9,2,2
22,10,10,1.0,12,58,Finished,tsunoda,22,TSU,http://en.wikipedia.org/wiki/Yuki_Tsunoda,Yuki,Tsunoda,2000-05-11,Japanese,alphatauri,http://en.wikipedia.org/wiki/Scuderia_AlphaTauri,AlphaTauri,Italian,9164423.0,+6.052,15.0,52.0,1:21.789,kph,232.314,Australian Grand Prix,3,2023,0,6.0,11.0,0.0,11.0,11.0,15,15,-3,-5
21,15,15,0.0,15,56,Retired,de_vries,21,DEV,http://en.wikipedia.org/wiki/Nyck_de_Vries,Nyck,de Vries,1995-02-06,Dutch,alphatauri,http://en.wikipedia.org/wiki/Scuderia_AlphaTauri,AlphaTauri,Italian,7005713.0,+-1:24:07.342,10.0,50.0,1:21.183,kph,234.049,Australian Grand Prix,3,2023,0,1.0,14.0,0.0,14.0,14.0,12,10,3,5
10,13,13,0.0,9,56,Retired,gasly,10,GAS,http://en.wikipedia.org/wiki/Pierre_Gasly,Pierre,Gasly,1996-02-07,French,alpine,http://en.wikipedia.org/wiki/Alpine_F1_Team,Alpine F1 Team,French,7003407.0,+-1:24:05.036,7.0,47.0,1:20.995,kph,234.592,Australian Grand Prix,3,2023,0,1.0,9.0,0.0,9.0,9.0,11,14,-2,-1
31,14,14,0.0,11,56,Retired,ocon,31,OCO,http://en.wikipedia.org/wiki/Esteban_Ocon,Esteban,Ocon,1996-09-17,French,alpine,http://en.wikipedia.org/wiki/Alpine_F1_Team,Alpine F1 Team,French,7004780.0,+-1:24:06.409,11.0,44.0,1:21.203,kph,233.991,Australian Grand Prix,3,2023,0,8.0,13.0,0.0,8.0,18.0,9,13,2,1
14,3,3,15.0,4,58,Finished,alonso,14,ALO,http://en.wikipedia.org/wiki/Fernando_Alonso,Fernando,Alonso,1981-07-29,Spanish,aston_martin,http://en.wikipedia.org/wiki/Aston_Martin_in_Formula_One,Aston Martin,British,9159140.0,+0.769,4.0,53.0,1:20.476,kph,236.105,Australian Grand Prix,3,2023,1,8.0,3.0,2.0,3.0,3.0,6,4,-2,-1
18,4,4,12.0,6,58,Finished,stroll,18,STR,http://en.wikipedia.org/wiki/Lance_Stroll,Lance,Stroll,1998-10-29,Canadian,aston_martin,http://en.wikipedia.org/wiki/Aston_Martin_in_Formula_One,Aston Martin,British,9161453.0,+3.082,6.0,50.0,1:20.934,kph,234.769,Australian Grand Prix,3,2023,0,53.0,13.0,0.0,6.0,20.0,4,3,2,1
55,12,12,0.0,5,58,Finished,sainz,55,SAI,http://en.wikipedia.org/wiki/Carlos_Sainz_Jr.,Carlos,Sainz,1994-09-01,Spanish,ferrari,http://en.wikipedia.org/wiki/Scuderia_Ferrari,Ferrari,Italian,9164965.0,+6.594,3.0,53.0,1:20.467,kph,236.131,Australian Grand Prix,3,2023,0,65.0,5.0,0.0,4.0,6.0,7,20,-2,-8
16,20,R,0.0,7,0,Retired,leclerc,16,LEC,http://en.wikipedia.org/wiki/Charles_Leclerc,Charles,Leclerc,1997-10-16,Monegasque,ferrari,http://en.wikipedia.org/wiki/Scuderia_Ferrari,Ferrari,Italian,,,,,,,,Australian Grand Prix,3,2023,0,26.0,13.0,0.0,7.0,19.0,5,12,2,8
27,7,7,6.0,10,58,Finished,hulkenberg,27,HUL,http://en.wikipedia.org/wiki/Nico_H%C3%BClkenberg,Nico,Hülkenberg,1987-08-19,German,haas,http://en.wikipedia.org/wiki/Haas_F1_Team,Haas F1 Team,American,9163310.0,+4.939,8.0,46.0,1:21.124,kph,234.219,Australian Grand Prix,3,2023,0,26.0,13.5,0.0,12.0,15.0,14,17,-4,-10
20,17,17,0.0,14,52,Retired,kevin_magnussen,20,MAG,http://en.wikipedia.org/wiki/Kevin_Magnussen,Kevin,Magnussen,1992-10-05,Danish,haas,http://en.wikipedia.org/wiki/Haas_F1_Team,Haas F1 Team,American,5634610.0,+-1:01:16.239,14.0,52.0,1:21.685,kph,232.61,Australian Grand Prix,3,2023,0,7.0,11.5,0.0,10.0,13.0,10,7,4,10
4,6,6,8.0,13,58,Finished,norris,4,NOR,http://en.wikipedia.org/wiki/Lando_Norris,Lando,Norris,1999-11-13,British,mclaren,http://en.wikipedia.org/wiki/McLaren,McLaren,British,9162072.0,+3.701,9.0,46.0,1:21.173,kph,234.077,Australian Grand Prix,3,2023,0,7.0,17.0,0.0,17.0,17.0,16,8,-3,-2
81,8,8,4.0,16,58,Finished,piastri,81,PIA,http://en.wikipedia.org/wiki/Oscar_Piastri,Oscar,Piastri,2001-04-06,Australian,mclaren,http://en.wikipedia.org/wiki/McLaren,McLaren,British,9163753.0,+5.382,12.0,53.0,1:21.335,kph,233.611,Australian Grand Prix,3,2023,0,8.0,17.5,0.0,15.0,20.0,13,6,3,2
63,18,R,0.0,2,17,Retired,russell,63,RUS,http://en.wikipedia.org/wiki/George_Russell_(racing_driver),George,Russell,1998-02-15,British,mercedes,http://en.wikipedia.org/wiki/Mercedes-Benz_in_Formula_One,Mercedes,German,,,18.0,16.0,1:22.680,kph,229.811,Australian Grand Prix,3,2023,0,56.0,5.5,0.0,4.0,7.0,3,2,-1,16
44,2,2,18.0,3,58,Finished,hamilton,44,HAM,http://en.wikipedia.org/wiki/Lewis_Hamilton,Lewis,Hamilton,1985-01-07,British,mercedes,http://en.wikipedia.org/wiki/Mercedes-Benz_in_Formula_One,Mercedes,German,9158550.0,+0.179,5.0,49.0,1:20.613,kph,235.703,Australian Grand Prix,3,2023,1,12.0,5.0,0.0,5.0,5.0,2,18,1,-16
1,1,1,25.0,1,58,Finished,max_verstappen,33,VER,http://en.wikipedia.org/wiki/Max_Verstappen,Max,Verstappen,1997-09-30,Dutch,red_bull,http://en.wikipedia.org/wiki/Red_Bull_Racing,Red Bull,Austrian,9158371.0,2:32:38.371,2.0,49.0,1:20.342,kph,236.498,Australian Grand Prix,3,2023,1,56.0,1.5,2.0,1.0,2.0,20,5,-19,-4
11,5,5,10.0,20,58,Finished,perez,11,PER,http://en.wikipedia.org/wiki/Sergio_P%C3%A9rez,Sergio,Pérez,1990-01-26,Mexican,red_bull,http://en.wikipedia.org/wiki/Red_Bull_Racing,Red Bull,Austrian,9161691.0,+3.320,1.0,53.0,1:20.235,kph,236.814,Australian Grand Prix,3,2023,0,111.0,1.5,2.0,1.0,2.0,1,1,19,4
23,19,R,0.0,8,6,Retired,albon,23,ALB,http://en.wikipedia.org/wiki/Alexander_Albon,Alexander,Albon,1996-03-23,Thai,williams,http://en.wikipedia.org/wiki/Williams_Grand_Prix_Engineering,Williams,British,,,19.0,6.0,1:23.349,kph,227.966,Australian Grand Prix,3,2023,0,1.0,14.5,0.0,10.0,19.0,18,16,-10,3
2,16,16,0.0,18,56,Retired,sargeant,2,SAR,http://en.wikipedia.org/wiki/Logan_Sargeant,Logan,Sargeant,2000-12-31,American,williams,http://en.wikipedia.org/wiki/Williams_Grand_Prix_Engineering,Williams,British,7005930.0,+-1:24:07.559,13.0,50.0,1:21.456,kph,233.264,Australian Grand Prix,3,2023,0,121.0,14.0,0.0,12.0,16.0,8,19,10,-3
77,18,18,0.0,13,50,Lapped,bottas,77,BOT,http://en.wikipedia.org/wiki/Valtteri_Bottas,Valtteri,Bottas,1989-08-28,Finnish,alfa,http://en.wikipedia.org/wiki/Alfa_Romeo_in_Formula_One,Alfa Romeo,Swiss,5581534.0,+19.098,16.0,36.0,1:46.304,kph,203.292,Azerbaijan Grand Prix,4,2023,0,1.0,12.333333333333334,0.0,8.0,18.0,15,19,-2,-1
24,19,R,0.0,15,36,Retired,zhou,24,ZHO,http://en.wikipedia.org/wiki/Zhou_Guanyu,Guanyu,Zhou,1999-05-30,Chinese,alfa,http://en.wikipedia.org/wiki/Alfa_Romeo_in_Formula_One,Alfa Romeo,Swiss,,,19.0,31.0,1:47.553,kph,200.931,Azerbaijan Grand Prix,4,2023,0,6.0,12.666666666666666,0.0,9.0,16.0,13,18,2,1
22,10,10,1.0,8,51,Finished,tsunoda,22,TSU,http://en.wikipedia.org/wiki/Yuki_Tsunoda,Yuki,Tsunoda,2000-05-11,Japanese,alphatauri,http://en.wikipedia.org/wiki/Scuderia_AlphaTauri,AlphaTauri,Italian,5646298.0,+1:23.862,11.0,51.0,1:45.727,kph,204.401,Azerbaijan Grand Prix,4,2023,0,6.0,10.666666666666666,0.0,10.0,11.0,18,20,-10,-10
21,20,R,0.0,18,9,Retired,de_vries,21,DEV,http://en.wikipedia.org/wiki/Nyck_de_Vries,Nyck,de Vries,1995-02-06,Dutch,alphatauri,http://en.wikipedia.org/wiki/Scuderia_AlphaTauri,AlphaTauri,Italian,,,20.0,4.0,1:48.781,kph,198.663,Azerbaijan Grand Prix,4,2023,0,2.0,14.333333333333334,0.0,14.0,15.0,8,10,10,10
10,14,14,0.0,17,51,Finished,gasly,10,GAS,http://en.wikipedia.org/wiki/Pierre_Gasly,Pierre,Gasly,1996-02-07,French,alpine,http://en.wikipedia.org/wiki/Alpine_F1_Team,Alpine F1 Team,French,5653768.0,+1:31.332,8.0,47.0,1:45.540,kph,204.764,Azerbaijan Grand Prix,4,2023,0,2.0,10.333333333333334,0.0,9.0,13.0,19,15,-2,-1
31,15,15,0.0,19,51,Finished,ocon,31,OCO,http://en.wikipedia.org/wiki/Esteban_Ocon,Esteban,Ocon,1996-09-17,French,alpine,http://en.wikipedia.org/wiki/Alpine_F1_Team,Alpine F1 Team,French,5660230.0,+1:37.794,14.0,49.0,1:45.908,kph,204.052,Azerbaijan Grand Prix,4,2023,0,8.0,13.333333333333334,0.0,8.0,18.0,17,14,2,1
14,4,4,12.0,6,51,Finished,alonso,14,ALO,http://en.wikipedia.org/wiki/Fernando_Alonso,Fernando,Alonso,1981-07-29,Spanish,aston_martin,http://en.wikipedia.org/wiki/Aston_Martin_in_Formula_One,Aston Martin,British,5584460.0,+22.024,3.0,49.0,1:44.241,kph,207.315,Azerbaijan Grand Prix,4,2023,0,8.0,3.0,3.0,3.0,3.0,9,7,-3,-3
18,7,7,6.0,9,51,Finished,stroll,18,STR,http://en.wikipedia.org/wiki/Lance_Stroll,Lance,Stroll,1998-10-29,Canadian,aston_martin,http://en.wikipedia.org/wiki/Aston_Martin_in_Formula_One,Aston Martin,British,5614053.0,+51.617,9.0,45.0,1:45.627,kph,204.595,Azerbaijan Grand Prix,4,2023,0,77.0,10.0,0.0,4.0,20.0,6,4,3,3
16,3,3,15.0,1,51,Finished,leclerc,16,LEC,http://en.wikipedia.org/wiki/Charles_Leclerc,Charles,Leclerc,1997-10-16,Monegasque,ferrari,http://en.wikipedia.org/wiki/Scuderia_Ferrari,Ferrari,Italian,5583653.0,+21.217,4.0,49.0,1:44.561,kph,206.681,Azerbaijan Grand Prix,4,2023,1,83.0,15.333333333333334,0.0,7.0,20.0,4,5,-3,-2
55,5,5,10.0,4,51,Finished,sainz,55,SAI,http://en.wikipedia.org/wiki/Carlos_Sainz_Jr.,Carlos,Sainz,1994-09-01,Spanish,ferrari,http://en.wikipedia.org/wiki/Scuderia_Ferrari,Ferrari,Italian,5607927.0,+45.491,6.0,48.0,1:45.175,kph,205.474,Azerbaijan Grand Prix,4,2023,0,41.0,7.333333333333333,0.0,4.0,12.0,1,3,3,2
20,13,13,0.0,16,51,Finished,kevin_magnussen,20,MAG,http://en.wikipedia.org/wiki/Kevin_Magnussen,Kevin,Magnussen,1992-10-05,Danish,haas,http://en.wikipedia.org/wiki/Haas_F1_Team,Haas F1 Team,American,5652165.0,+1:29.729,13.0,51.0,1:45.850,kph,204.164,Azerbaijan Grand Prix,4,2023,0,51.0,13.333333333333334,0.0,10.0,17.0,20,17,-4,-4
27,17,17,0.0,20,50,Lapped,hulkenberg,27,HUL,http://en.wikipedia.org/wiki/Nico_H%C3%BClkenberg,Nico,Hülkenberg,1987-08-19,German,haas,http://en.wikipedia.org/wiki/Haas_F1_Team,Haas F1 Team,American,5572373.0,+9.937,18.0,34.0,1:46.731,kph,202.479,Azerbaijan Grand Prix,4,2023,0,7.0,11.333333333333334,0.0,7.0,15.0,16,13,4,4
4,9,9,2.0,7,51,Finished,norris,4,NOR,http://en.wikipedia.org/wiki/Lando_Norris,Lando,Norris,1999-11-13,British,mclaren,http://en.wikipedia.org/wiki/McLaren,McLaren,British,5642812.0,+1:20.376,12.0,49.0,1:45.738,kph,204.38,Azerbaijan Grand Prix,4,2023,0,7.0,13.333333333333334,0.0,6.0,17.0,10,11,-3,-2
81,11,11,0.0,10,51,Finished,piastri,81,PIA,http://en.wikipedia.org/wiki/Oscar_Piastri,Oscar,Piastri,2001-04-06,Australian,mclaren,http://en.wikipedia.org/wiki/McLaren,McLaren,British,5648937.0,+1:26.501,10.0,51.0,1:45.631,kph,204.587,Azerbaijan Grand Prix,4,2023,0,14.0,14.333333333333334,0.0,8.0,20.0,7,9,3,2
44,6,6,8.0,5,51,Finished,hamilton,44,HAM,http://en.wikipedia.org/wiki/Lewis_Hamilton,Lewis,Hamilton,1985-01-07,British,mercedes,http://en.wikipedia.org/wiki/Mercedes-Benz_in_Formula_One,Mercedes,German,5608581.0,+46.145,7.0,48.0,1:45.346,kph,205.141,Azerbaijan Grand Prix,4,2023,0,14.0,4.0,1.0,2.0,5.0,11,8,-6,-2
63,8,8,4.0,11,51,Finished,russell,63,RUS,http://en.wikipedia.org/wiki/George_Russell_(racing_driver),George,Russell,1998-02-15,British,mercedes,http://en.wikipedia.org/wiki/Mercedes-Benz_in_Formula_One,Mercedes,German,5636676.0,+1:14.240,1.0,51.0,1:43.370,kph,209.062,Azerbaijan Grand Prix,4,2023,0,64.0,9.666666666666666,0.0,4.0,18.0,5,6,6,2
1,2,2,18.0,2,51,Finished,max_verstappen,33,VER,http://en.wikipedia.org/wiki/Max_Verstappen,Max,Verstappen,1997-09-30,Dutch,red_bull,http://en.wikipedia.org/wiki/Red_Bull_Racing,Red Bull,Austrian,5564573.0,+2.137,2.0,51.0,1:44.232,kph,207.333,Azerbaijan Grand Prix,4,2023,1,146.0,1.3333333333333333,3.0,1.0,2.0,3,1,-1,1
11,1,1,25.0,3,51,Finished,perez,11,PER,http://en.wikipedia.org/wiki/Sergio_P%C3%A9rez,Sergio,Pérez,1990-01-26,Mexican,red_bull,http://en.wikipedia.org/wiki/Red_Bull_Racing,Red Bull,Austrian,5562436.0,1:32:42.436,5.0,50.0,1:44.589,kph,206.625,Azerbaijan Grand Prix,4,2023,1,68.0,2.6666666666666665,2.0,1.0,5.0,2,2,1,-1
23,12,12,0.0,12,51,Finished,albon,23,ALB,http://en.wikipedia.org/wiki/Alexander_Albon,Alexander,Albon,1996-03-23,Thai,williams,http://en.wikipedia.org/wiki/Williams_Grand_Prix_Engineering,Williams,British,5651059.0,+1:28.623,15.0,51.0,1:45.925,kph,204.019,Azerbaijan Grand Prix,4,2023,0,164.0,16.0,0.0,10.0,19.0,14,16,-2,-4
2,16,16,0.0,14,51,Finished,sargeant,2,SAR,http://en.wikipedia.org/wiki/Logan_Sargeant,Logan,Sargeant,2000-12-31,American,williams,http://en.wikipedia.org/wiki/Williams_Grand_Prix_Engineering,Williams,British,5663379.0,+1:40.943,17.0,49.0,1:46.501,kph,202.916,Azerbaijan Grand Prix,4,2023,0,1.0,14.666666666666666,0.0,12.0,16.0,12,12,2,4
77,13,13,0.0,10,57,Finished,bottas,77,BOT,http://en.wikipedia.org/wiki/Valtteri_Bottas,Valtteri,Bottas,1989-08-28,Finnish,alfa,http://en.wikipedia.org/wiki/Alfa_Romeo_in_Formula_One,Alfa Romeo,Swiss,5329878.0,+1:11.637,15.0,56.0,1:31.838,kph,212.147,Miami Grand Prix,5,2023,0,1.0,13.75,0.0,8.0,18.0,14,16,-4,-3
24,16,16,0.0,14,57,Finished,zhou,24,ZHO,http://en.wikipedia.org/wiki/Zhou_Guanyu,Guanyu,Zhou,1999-05-30,Chinese,alfa,http://en.wikipedia.org/wiki/Alfa_Romeo_in_Formula_One,Alfa Romeo,Swiss,5336681.0,+1:18.440,14.0,56.0,1:31.736,kph,212.383,Miami Grand Prix,5,2023,0,6.0,14.25,0.0,9.0,19.0,10,13,4,3
21,18,18,0.0,15,57,Finished,de_vries,21,DEV,http://en.wikipedia.org/wiki/Nyck_de_Vries,Nyck,de Vries,1995-02-06,Dutch,alphatauri,http://en.wikipedia.org/wiki/Scuderia_AlphaTauri,AlphaTauri,Italian,5347190.0,+1:28.949,12.0,57.0,1:31.562,kph,212.786,Miami Grand Prix,5,2023,0,2.0,15.75,0.0,14.0,20.0,17,11,-2,7
22,11,11,0.0,17,57,Finished,tsunoda,22,TSU,http://en.wikipedia.org/wiki/Yuki_Tsunoda,Yuki,Tsunoda,2000-05-11,Japanese,alphatauri,http://en.wikipedia.org/wiki/Scuderia_AlphaTauri,AlphaTauri,Italian,5322550.0,+1:04.309,8.0,56.0,1:31.038,kph,214.011,Miami Grand Prix,5,2023,0,6.0,10.5,0.0,10.0,11.0,15,18,2,-7
10,8,8,4.0,5,57,Finished,gasly,10,GAS,http://en.wikipedia.org/wiki/Pierre_Gasly,Pierre,Gasly,1996-02-07,French,alpine,http://en.wikipedia.org/wiki/Alpine_F1_Team,Alpine F1 Team,French,5313911.0,+55.670,17.0,55.0,1:31.971,kph,211.84,Miami Grand Prix,5,2023,0,2.0,11.25,0.0,9.0,14.0,8,9,-3,-1
31,9,9,2.0,8,57,Finished,ocon,31,OCO,http://en.wikipedia.org/wiki/Esteban_Ocon,Esteban,Ocon,1996-09-17,French,alpine,http://en.wikipedia.org/wiki/Alpine_F1_Team,Alpine F1 Team,French,5316364.0,+58.123,9.0,56.0,1:31.143,kph,213.765,Miami Grand Prix,5,2023,0,12.0,13.75,0.0,8.0,18.0,5,8,3,1
14,3,3,15.0,2,57,Finished,alonso,14,ALO,http://en.wikipedia.org/wiki/Fernando_Alonso,Fernando,Alonso,1981-07-29,Spanish,aston_martin,http://en.wikipedia.org/wiki/Aston_Martin_in_Formula_One,Aston Martin,British,5284546.0,+26.305,2.0,57.0,1:30.519,kph,215.238,Miami Grand Prix,5,2023,1,14.0,3.25,3.0,3.0,4.0,18,12,-16,-9
18,12,12,0.0,18,57,Finished,stroll,18,STR,http://en.wikipedia.org/wiki/Lance_Stroll,Lance,Stroll,1998-10-29,Canadian,aston_martin,http://en.wikipedia.org/wiki/Aston_Martin_in_Formula_One,Aston Martin,British,5322995.0,+1:04.754,5.0,44.0,1:30.862,kph,214.426,Miami Grand Prix,5,2023,0,98.0,9.25,0.0,4.0,20.0,2,3,16,9
55,5,5,10.0,3,57,Finished,sainz,55,SAI,http://en.wikipedia.org/wiki/Carlos_Sainz_Jr.,Carlos,Sainz,1994-09-01,Spanish,ferrari,http://en.wikipedia.org/wiki/Scuderia_Ferrari,Ferrari,Italian,5300752.0,+42.511,10.0,55.0,1:31.362,kph,213.252,Miami Grand Prix,5,2023,0,98.0,6.75,0.0,4.0,12.0,7,7,-4,-2
16,7,7,6.0,7,57,Finished,leclerc,16,LEC,http://en.wikipedia.org/wiki/Charles_Leclerc,Charles,Leclerc,1997-10-16,Monegasque,ferrari,http://en.wikipedia.org/wiki/Scuderia_Ferrari,Ferrari,Italian,5311229.0,+52.988,11.0,57.0,1:31.434,kph,213.084,Miami Grand Prix,5,2023,0,61.0,12.25,1.0,3.0,20.0,3,5,4,2
20,10,10,1.0,4,57,Finished,kevin_magnussen,20,MAG,http://en.wikipedia.org/wiki/Kevin_Magnussen,Kevin,Magnussen,1992-10-05,Danish,haas,http://en.wikipedia.org/wiki/Haas_F1_Team,Haas F1 Team,American,5321186.0,+1:02.945,13.0,53.0,1:31.691,kph,212.487,Miami Grand Prix,5,2023,0,67.0,13.25,0.0,10.0,17.0,12,15,-8,-5
27,15,15,0.0,12,57,Finished,hulkenberg,27,HUL,http://en.wikipedia.org/wiki/Nico_H%C3%BClkenberg,Nico,Hülkenberg,1987-08-19,German,haas,http://en.wikipedia.org/wiki/Haas_F1_Team,Haas F1 Team,American,5333191.0,+1:14.950,6.0,36.0,1:30.901,kph,214.334,Miami Grand Prix,5,2023,0,8.0,12.75,0.0,7.0,17.0,4,10,8,5
4,17,17,0.0,16,57,Finished,norris,4,NOR,http://en.wikipedia.org/wiki/Lando_Norris,Lando,Norris,1999-11-13,British,mclaren,http://en.wikipedia.org/wiki/McLaren,McLaren,British,5345958.0,+1:27.717,20.0,47.0,1:32.401,kph,210.854,Miami Grand Prix,5,2023,0,8.0,12.25,0.0,6.0,17.0,19,19,-3,-2
81,19,19,0.0,19,56,Lapped,piastri,81,PIA,http://en.wikipedia.org/wiki/Oscar_Piastri,Oscar,Piastri,2001-04-06,Australian,mclaren,http://en.wikipedia.org/wiki/McLaren,McLaren,British,5278751.0,+20.510,18.0,56.0,1:32.006,kph,211.76,Miami Grand Prix,5,2023,0,14.0,13.5,0.0,8.0,20.0,16,17,3,2
63,4,4,12.0,6,57,Finished,russell,63,RUS,http://en.wikipedia.org/wiki/George_Russell_(racing_driver),George,Russell,1998-02-15,British,mercedes,http://en.wikipedia.org/wiki/Mercedes-Benz_in_Formula_One,Mercedes,German,5291470.0,+33.229,7.0,57.0,1:31.015,kph,214.065,Miami Grand Prix,5,2023,0,14.0,9.25,0.0,4.0,18.0,13,6,-7,-2
44,6,6,8.0,13,57,Finished,hamilton,44,HAM,http://en.wikipedia.org/wiki/Lewis_Hamilton,Lewis,Hamilton,1985-01-07,British,mercedes,http://en.wikipedia.org/wiki/Mercedes-Benz_in_Formula_One,Mercedes,German,5309490.0,+51.249,4.0,57.0,1:30.669,kph,214.882,Miami Grand Prix,5,2023,0,80.0,4.5,1.0,2.0,6.0,6,4,7,2
11,2,2,18.0,1,57,Finished,perez,11,PER,http://en.wikipedia.org/wiki/Sergio_P%C3%A9rez,Sergio,Pérez,1990-01-26,Mexican,red_bull,http://en.wikipedia.org/wiki/Red_Bull_Racing,Red Bull,Austrian,5263625.0,+5.384,3.0,57.0,1:30.560,kph,215.141,Miami Grand Prix,5,2023,1,189.0,2.25,3.0,1.0,5.0,9,1,-8,1
1,1,1,25.0,9,57,Finished,max_verstappen,33,VER,http://en.wikipedia.org/wiki/Max_Verstappen,Max,Verstappen,1997-09-30,Dutch,red_bull,http://en.wikipedia.org/wiki/Red_Bull_Racing,Red Bull,Austrian,5258241.0,1:27:38.241,1.0,56.0,1:29.708,kph,217.184,Miami Grand Prix,5,2023,1,88.0,1.5,4.0,1.0,2.0,1,2,8,-1
23,14,14,0.0,11,57,Finished,albon,23,ALB,http://en.wikipedia.org/wiki/Alexander_Albon,Alexander,Albon,1996-03-23,Thai,williams,http://en.wikipedia.org/wiki/Williams_Grand_Prix_Engineering,Williams,British,5331102.0,+1:12.861,16.0,55.0,1:31.852,kph,212.115,Miami Grand Prix,5,2023,0,207.0,15.0,0.0,10.0,19.0,20,20,-9,-6
2,20,20,0.0,20,56,Lapped,sargeant,2,SAR,http://en.wikipedia.org/wiki/Logan_Sargeant,Logan,Sargeant,2000-12-31,American,williams,http://en.wikipedia.org/wiki/Williams_Grand_Prix_Engineering,Williams,British,5292629.0,+34.388,19.0,50.0,1:32.384,kph,210.893,Miami Grand Prix,5,2023,0,1.0,15.0,0.0,12.0,16.0,11,14,9,6
