number,position,positionText,points,grid,laps,status,Driver.driverId,Driver.permanentNumber,Driver.code,Driver.url,Driver.givenName,Driver.familyName,Driver.dateOfBirth,Driver.nationality,Constructor.constructorId,Constructor.url,Constructor.name,Constructor.nationality,Time.millis,Time.time,FastestLap.rank,FastestLap.lap,FastestLap.Time.time,FastestLap.AverageSpeed.units,FastestLap.AverageSpeed.speed,raceName,round,season
1,1,1,25,1,57,Finished,max_verstappen,33,VER,http://en.wikipedia.org/wiki/Max_Verstappen,Max,Verstappen,1997-09-30,Dutch,red_bull,http://en.wikipedia.org/wiki/Red_Bull_Racing,Red Bull,Austrian,5636736,1:33:56.736,6,44,1:36.236,kph,202.452,Bahrain Grand Prix,1,2023
11,2,2,18,2,57,Finished,perez,11,PER,http://en.wikipedia.org/wiki/Sergio_P%C3%A9rez,Sergio,Pérez,1990-01-26,Mexican,red_bull,http://en.wikipedia.org/wiki/Red_Bull_Racing,Red Bull,Austrian,5648723,+11.987,7,37,1:36.344,kph,202.225,Bahrain Grand Prix,1,2023
14,3,3,15,5,57,Finished,alonso,14,ALO,http://en.wikipedia.org/wiki/Fernando_Alonso,Fernando,Alonso,1981-07-29,Spanish,aston_martin,http://en.wikipedia.org/wiki/Aston_Martin_in_Formula_One,Aston Martin,British,5675373,+38.637,5,36,1:36.156,kph,202.620,Bahrain Grand Prix,1,2023
55,4,4,12,4,57,Finished,sainz,55,SAI,http://en.wikipedia.org/wiki/Carlos_Sainz_Jr.,Carlos,Sainz,1994-09-01,Spanish,ferrari,http://en.wikipedia.org/wiki/Scuderia_Ferrari,Ferrari,Italian,5684788,+48.052,14,37,1:37.130,kph,200.588,Bahrain Grand Prix,1,2023
44,5,5,10,7,57,Finished,hamilton,44,HAM,http://en.wikipedia.org/wiki/Lewis_Hamilton,Lewis,Hamilton,1985-01-07,British,mercedes,http://en.wikipedia.org/wiki/Mercedes-Benz_in_Formula_One,Mercedes,German,5687713,+50.977,10,36,1:36.546,kph,201.802,Bahrain Grand Prix,1,2023
18,6,6,8,8,57,Finished,stroll,18,STR,http://en.wikipedia.org/wiki/Lance_Stroll,Lance,Stroll,1998-10-29,Canadian,aston_martin,http://en.wikipedia.org/wiki/Aston_Martin_in_Formula_One,Aston Martin,British,5691238,+54.502,9,32,1:36.546,kph,201.802,Bahrain Grand Prix,1,2023
63,7,7,6,6,57,Finished,russell,63,RUS,http://en.wikipedia.org/wiki/George_Russell_(racing_driver),George,Russell,1998-02-15,British,mercedes,http://en.wikipedia.org/wiki/Mercedes-Benz_in_Formula_One,Mercedes,German,5692609,+55.873,17,33,1:37.221,kph,200.401,Bahrain Grand Prix,1,2023
77,8,8,4,12,57,Finished,bottas,77,BOT,http://en.wikipedia.org/wiki/Valtteri_Bottas,Valtteri,Bottas,1989-08-28,Finnish,alfa,http://en.wikipedia.org/wiki/Alfa_Romeo_in_Formula_One,Alfa Romeo,Swiss,5709383,+1:12.647,18,31,1:37.379,kph,200.075,Bahrain Grand Prix,1,2023
10,9,9,2,20,57,Finished,gasly,10,GAS,http://en.wikipedia.org/wiki/Pierre_Gasly,Pierre,Gasly,1996-02-07,French,alpine,http://en.wikipedia.org/wiki/Alpine_F1_Team,Alpine F1 Team,French,5710489,+1:13.753,2,42,1:35.068,kph,204.939,Bahrain Grand Prix,1,2023
23,10,10,1,15,57,Finished,albon,23,ALB,http://en.wikipedia.org/wiki/Alexander_Albon,Alexander,Albon,1996-03-23,Thai,williams,http://en.wikipedia.org/wiki/Williams_Grand_Prix_Engineering,Williams,British,5726510,+1:29.774,15,43,1:37.144,kph,200.559,Bahrain Grand Prix,1,2023
22,11,11,0,14,57,Finished,tsunoda,22,TSU,http://en.wikipedia.org/wiki/Yuki_Tsunoda,Yuki,Tsunoda,2000-05-11,Japanese,alphatauri,http://en.wikipedia.org/wiki/Scuderia_AlphaTauri,AlphaTauri,Italian,5727606,+1:30.870,12,42,1:36.637,kph,201.612,Bahrain Grand Prix,1,2023
2,12,12,0,16,56,Lapped,sargeant,2,SAR,http://en.wikipedia.org/wiki/Logan_Sargeant,Logan,Sargeant,2000-12-31,American,williams,http://en.wikipedia.org/wiki/Williams_Grand_Prix_Engineering,Williams,British,5637872,+1.136,4,42,1:36.037,kph,202.871,Bahrain Grand Prix,1,2023
20,13,13,0,17,56,Lapped,kevin_magnussen,20,MAG,http://en.wikipedia.org/wiki/Kevin_Magnussen,Kevin,Magnussen,1992-10-05,Danish,haas,http://en.wikipedia.org/wiki/Haas_F1_Team,Haas F1 Team,American,5653493,+16.757,8,42,1:36.471,kph,201.959,Bahrain Grand Prix,1,2023
21,14,14,0,19,56,Lapped,de_vries,21,DEV,http://en.wikipedia.org/wiki/Nyck_de_Vries,Nyck,de Vries,1995-02-06,Dutch,alphatauri,http://en.wikipedia.org/wiki/Scuderia_AlphaTauri,AlphaTauri,Italian,5659259,+22.523,19,30,1:37.709,kph,199.400,Bahrain Grand Prix,1,2023
27,15,15,0,10,56,Lapped,hulkenberg,27,HUL,http://en.wikipedia.org/wiki/Nico_H%C3%BClkenberg,Nico,Hülkenberg,1987-08-19,German,haas,http://en.wikipedia.org/wiki/Haas_F1_Team,Haas F1 Team,American,5675647,+38.911,11,42,1:36.616,kph,201.656,Bahrain Grand Prix,1,2023
24,16,16,0,13,56,Lapped,zhou,24,ZHO,http://en.wikipedia.org/wiki/Zhou_Guanyu,Guanyu,Zhou,1999-05-30,Chinese,alfa,http://en.wikipedia.org/wiki/Alfa_Romeo_in_Formula_One,Alfa Romeo,Swiss,5676385,+39.649,1,56,1:33.996,kph,207.276,Bahrain Grand Prix,1,2023
4,17,17,0,11,55,Lapped,norris,4,NOR,http://en.wikipedia.org/wiki/Lando_Norris,Lando,Norris,1999-11-13,British,mclaren,http://en.wikipedia.org/wiki/McLaren,McLaren,British,5643372,+6.636,3,51,1:35.822,kph,203.327,Bahrain Grand Prix,1,2023
31,18,R,0,9,41,Retired,ocon,31,OCO,http://en.wikipedia.org/wiki/Esteban_Ocon,Esteban,Ocon,1996-09-17,French,alpine,http://en.wikipedia.org/wiki/Alpine_F1_Team,Alpine F1 Team,French,,,13,34,1:36.797,kph,201.278,Bahrain Grand Prix,1,2023
16,19,R,0,3,39,Retired,leclerc,16,LEC,http://en.wikipedia.org/wiki/Charles_Leclerc,Charles,Leclerc,1997-10-16,Monegasque,ferrari,http://en.wikipedia.org/wiki/Scuderia_Ferrari,Ferrari,Italian,,,16,37,1:37.170,kph,200.506,Bahrain Grand Prix,1,2023
81,20,R,0,18,13,Retired,piastri,81,PIA,http://en.wikipedia.org/wiki/Oscar_Piastri,Oscar,Piastri,2001-04-06,Australian,mclaren,http://en.wikipedia.org/wiki/McLaren,McLaren,British,,,20,3,1:40.691,kph,193.494,Bahrain Grand Prix,1,2023
11,1,1,25,1,50,Finished,perez,11,PER,http://en.wikipedia.org/wiki/Sergio_P%C3%A9rez,Sergio,Pérez,1990-01-26,Mexican,red_bull,http://en.wikipedia.org/wiki/Red_Bull_Racing,Red Bull,Austrian,4874894,1:21:14.894,2,38,1:32.188,kph,241.098,Saudi Arabian Grand Prix,2,2023
1,2,2,19,15,50,Finished,max_verstappen,33,VER,http://en.wikipedia.org/wiki/Max_Verstappen,Max,Verstappen,1997-09-30,Dutch,red_bull,http://en.wikipedia.org/wiki/Red_Bull_Racing,Red Bull,Austrian,4880249,+5.355,1,50,1:31.906,kph,241.838,Saudi Arabian Grand Prix,2,2023
14,3,3,15,2,50,Finished,alonso,14,ALO,http://en.wikipedia.org/wiki/Fernando_Alonso,Fernando,Alonso,1981-07-29,Spanish,aston_martin,http://en.wikipedia.org/wiki/Aston_Martin_in_Formula_One,Aston Martin,British,4895622,+20.728,3,50,1:32.240,kph,240.962,Saudi Arabian Grand Prix,2,2023
63,4,4,12,3,50,Finished,russell,63,RUS,http://en.wikipedia.org/wiki/George_Russell_(racing_driver),George,Russell,1998-02-15,British,mercedes,http://en.wikipedia.org/wiki/Mercedes-Benz_in_Formula_One,Mercedes,German,4900760,+25.866,4,50,1:32.433,kph,240.459,Saudi Arabian Grand Prix,2,2023
44,5,5,10,7,50,Finished,hamilton,44,HAM,http://en.wikipedia.org/wiki/Lewis_Hamilton,Lewis,Hamilton,1985-01-07,British,mercedes,http://en.wikipedia.org/wiki/Mercedes-Benz_in_Formula_One,Mercedes,German,4905959,+31.065,6,47,1:32.941,kph,239.145,Saudi Arabian Grand Prix,2,2023
55,6,6,8,4,50,Finished,sainz,55,SAI,http://en.wikipedia.org/wiki/Carlos_Sainz_Jr.,Carlos,Sainz,1994-09-01,Spanish,ferrari,http://en.wikipedia.org/wiki/Scuderia_Ferrari,Ferrari,Italian,4910770,+35.876,5,50,1:32.822,kph,239.451,Saudi Arabian Grand Prix,2,2023
16,7,7,6,12,50,Finished,leclerc,16,LEC,http://en.wikipedia.org/wiki/Charles_Leclerc,Charles,Leclerc,1997-10-16,Monegasque,ferrari,http://en.wikipedia.org/wiki/Scuderia_Ferrari,Ferrari,Italian,4918056,+43.162,7,47,1:33.056,kph,238.849,Saudi Arabian Grand Prix,2,2023
31,8,8,4,6,50,Finished,ocon,31,OCO,http://en.wikipedia.org/wiki/Esteban_Ocon,Esteban,Ocon,1996-09-17,French,alpine,http://en.wikipedia.org/wiki/Alpine_F1_Team,Alpine F1 Team,French,4927726,+52.832,8,49,1:33.222,kph,238.424,Saudi Arabian Grand Prix,2,2023
10,9,9,2,9,50,Finished,gasly,10,GAS,http://en.wikipedia.org/wiki/Pierre_Gasly,Pierre,Gasly,1996-02-07,French,alpine,http://en.wikipedia.org/wiki/Alpine_F1_Team,Alpine F1 Team,French,4929641,+54.747,10,50,1:33.392,kph,237.990,Saudi Arabian Grand Prix,2,2023
20,10,10,1,13,50,Finished,kevin_magnussen,20,MAG,http://en.wikipedia.org/wiki/Kevin_Magnussen,Kevin,Magnussen,1992-10-05,Danish,haas,http://en.wikipedia.org/wiki/Haas_F1_Team,Haas F1 Team,American,4939720,+1:04.826,9,44,1:33.374,kph,238.036,Saudi Arabian Grand Prix,2,2023
22,11,11,0,16,50,Finished,tsunoda,22,TSU,http://en.wikipedia.org/wiki/Yuki_Tsunoda,Yuki,Tsunoda,2000-05-11,Japanese,alphatauri,http://en.wikipedia.org/wiki/Scuderia_AlphaTauri,AlphaTauri,Italian,4942388,+1:07.494,14,50,1:33.931,kph,236.624,Saudi Arabian Grand Prix,2,2023
27,12,12,0,10,50,Finished,hulkenberg,27,HUL,http://en.wikipedia.org/wiki/Nico_H%C3%BClkenberg,Nico,Hülkenberg,1987-08-19,German,haas,http://en.wikipedia.org/wiki/Haas_F1_Team,Haas F1 Team,American,4945482,+1:10.588,12,50,1:33.780,kph,237.005,Saudi Arabian Grand Prix,2,2023
24,13,13,0,11,50,Finished,zhou,24,ZHO,http://en.wikipedia.org/wiki/Zhou_Guanyu,Guanyu,Zhou,1999-05-30,Chinese,alfa,http://en.wikipedia.org/wiki/Alfa_Romeo_in_Formula_One,Alfa Romeo,Swiss,4950954,+1:16.060,13,49,1:33.894,kph,236.718,Saudi Arabian Grand Prix,2,2023
21,14,14,0,18,50,Finished,de_vries,21,DEV,http://en.wikipedia.org/wiki/Nyck_de_Vries,Nyck,de Vries,1995-02-06,Dutch,alphatauri,http://en.wikipedia.org/wiki/Scuderia_AlphaTauri,AlphaTauri,Italian,4952372,+1:17.478,11,49,1:33.609,kph,237.438,Saudi Arabian Grand Prix,2,2023
81,15,15,0,8,50,Finished,piastri,81,PIA,http://en.wikipedia.org/wiki/Oscar_Piastri,Oscar,Piastri,2001-04-06,Australian,mclaren,http://en.wikipedia.org/wiki/McLaren,McLaren,British,4959915,+1:25.021,16,48,1:34.287,kph,235.731,Saudi Arabian Grand Prix,2,2023
2,16,16,0,20,50,Finished,sargeant,2,SAR,http://en.wikipedia.org/wiki/Logan_Sargeant,Logan,Sargeant,2000-12-31,American,williams,http://en.wikipedia.org/wiki/Williams_Grand_Prix_Engineering,Williams,British,4961187,+1:26.293,18,49,1:34.469,kph,235.277,Saudi Arabian Grand Prix,2,2023
4,17,17,0,19,50,Finished,norris,4,NOR,http://en.wikipedia.org/wiki/Lando_Norris,Lando,Norris,1999-11-13,British,mclaren,http://en.wikipedia.org/wiki/McLaren,McLaren,British,4961339,+1:26.445,15,49,1:34.122,kph,236.144,Saudi Arabian Grand Prix,2,2023
77,18,18,0,14,49,Lapped,bottas,77,BOT,http://en.wikipedia.org/wiki/Valtteri_Bottas,Valtteri,Bottas,1989-08-28,Finnish,alfa,http://en.wikipedia.org/wiki/Alfa_Romeo_in_Formula_One,Alfa Romeo,Swiss,4904478,+29.584,17,37,1:34.384,kph,235.489,Saudi Arabian Grand Prix,2,2023
23,19,R,0,17,27,Retired,albon,23,ALB,http://en.wikipedia.org/wiki/Alexander_Albon,Alexander,Albon,1996-03-23,Thai,williams,http://en.wikipedia.org/wiki/Williams_Grand_Prix_Engineering,Williams,British,,,20,24,1:35.567,kph,232.574,Saudi Arabian Grand Prix,2,2023
18,20,R,0,5,16,Retired,stroll,18,STR,http://en.wikipedia.org/wiki/Lance_Stroll,Lance,Stroll,1998-10-29,Canadian,aston_martin,http://en.wikipedia.org/wiki/Aston_Martin_in_Formula_One,Aston Martin,British,,,19,7,1:35.140,kph,233.617,Saudi Arabian Grand Prix,2,2023
1,1,1,25,1,58,Finished,max_verstappen,33,VER,http://en.wikipedia.org/wiki/Max_Verstappen,Max,Verstappen,1997-09-30,Dutch,red_bull,http://en.wikipedia.org/wiki/Red_Bull_Racing,Red Bull,Austrian,9158371,2:32:38.371,2,49,1:20.342,kph,236.498,Australian Grand Prix,3,2023
44,2,2,18,3,58,Finished,hamilton,44,HAM,http://en.wikipedia.org/wiki/Lewis_Hamilton,Lewis,Hamilton,1985-01-07,British,mercedes,http://en.wikipedia.org/wiki/Mercedes-Benz_in_Formula_One,Mercedes,German,9158550,+0.179,5,49,1:20.613,kph,235.703,Australian Grand Prix,3,2023
14,3,3,15,4,58,Finished,alonso,14,ALO,http://en.wikipedia.org/wiki/Fernando_Alonso,Fernando,Alonso,1981-07-29,Spanish,aston_martin,http://en.wikipedia.org/wiki/Aston_Martin_in_Formula_One,Aston Martin,British,9159140,+0.769,4,53,1:20.476,kph,236.105,Australian Grand Prix,3,2023
18,4,4,12,6,58,Finished,stroll,18,STR,http://en.wikipedia.org/wiki/Lance_Stroll,Lance,Stroll,1998-10-29,Canadian,aston_martin,http://en.wikipedia.org/wiki/Aston_Martin_in_Formula_One,Aston Martin,British,9161453,+3.082,6,50,1:20.934,kph,234.769,Australian Grand Prix,3,2023
11,5,5,11,20,58,Finished,perez,11,PER,http://en.wikipedia.org/wiki/Sergio_P%C3%A9rez,Sergio,Pérez,1990-01-26,Mexican,red_bull,http://en.wikipedia.org/wiki/Red_Bull_Racing,Red Bull,Austrian,9161691,+3.320,1,53,1:20.235,kph,236.814,Australian Grand Prix,3,2023
4,6,6,8,13,58,Finished,norris,4,NOR,http://en.wikipedia.org/wiki/Lando_Norris,Lando,Norris,1999-11-13,British,mclaren,http://en.wikipedia.org/wiki/McLaren,McLaren,British,9162072,+3.701,9,46,1:21.173,kph,234.077,Australian Grand Prix,3,2023
27,7,7,6,10,58,Finished,hulkenberg,27,HUL,http://en.wikipedia.org/wiki/Nico_H%C3%BClkenberg,Nico,Hülkenberg,1987-08-19,German,haas,http://en.wikipedia.org/wiki/Haas_F1_Team,Haas F1 Team,American,9163310,+4.939,8,46,1:21.124,kph,234.219,Australian Grand Prix,3,2023
81,8,8,4,16,58,Finished,piastri,81,PIA,http://en.wikipedia.org/wiki/Oscar_Piastri,Oscar,Piastri,2001-04-06,Australian,mclaren,http://en.wikipedia.org/wiki/McLaren,McLaren,British,9163753,+5.382,12,53,1:21.335,kph,233.611,Australian Grand Prix,3,2023
24,9,9,2,17,58,Finished,zhou,24,ZHO,http://en.wikipedia.org/wiki/Zhou_Guanyu,Guanyu,Zhou,1999-05-30,Chinese,alfa,http://en.wikipedia.org/wiki/Alfa_Romeo_in_Formula_One,Alfa Romeo,Swiss,9164084,+5.713,16,48,1:21.819,kph,232.229,Australian Grand Prix,3,2023
22,10,10,1,12,58,Finished,tsunoda,22,TSU,http://en.wikipedia.org/wiki/Yuki_Tsunoda,Yuki,Tsunoda,2000-05-11,Japanese,alphatauri,http://en.wikipedia.org/wiki/Scuderia_AlphaTauri,AlphaTauri,Italian,9164423,+6.052,15,52,1:21.789,kph,232.314,Australian Grand Prix,3,2023
77,11,11,0,19,58,Finished,bottas,77,BOT,http://en.wikipedia.org/wiki/Valtteri_Bottas,Valtteri,Bottas,1989-08-28,Finnish,alfa,http://en.wikipedia.org/wiki/Alfa_Romeo_in_Formula_One,Alfa Romeo,Swiss,9164884,+6.513,17,46,1:22.233,kph,231.060,Australian Grand Prix,3,2023
55,12,12,0,5,58,Finished,sainz,55,SAI,http://en.wikipedia.org/wiki/Carlos_Sainz_Jr.,Carlos,Sainz,1994-09-01,Spanish,ferrari,http://en.wikipedia.org/wiki/Scuderia_Ferrari,Ferrari,Italian,9164965,+6.594,3,53,1:20.467,kph,236.131,Australian Grand Prix,3,2023
10,13,13,0,9,56,Retired,gasly,10,GAS,http://en.wikipedia.org/wiki/Pierre_Gasly,Pierre,Gasly,1996-02-07,French,alpine,http://en.wikipedia.org/wiki/Alpine_F1_Team,Alpine F1 Team,French,7003407,+-1:24:05.036,7,47,1:20.995,kph,234.592,Australian Grand Prix,3,2023
31,14,14,0,11,56,Retired,ocon,31,OCO,http://en.wikipedia.org/wiki/Esteban_Ocon,Esteban,Ocon,1996-09-17,French,alpine,http://en.wikipedia.org/wiki/Alpine_F1_Team,Alpine F1 Team,French,7004780,+-1:24:06.409,11,44,1:21.203,kph,233.991,Australian Grand Prix,3,2023
21,15,15,0,15,56,Retired,de_vries,21,DEV,http://en.wikipedia.org/wiki/Nyck_de_Vries,Nyck,de Vries,1995-02-06,Dutch,alphatauri,http://en.wikipedia.org/wiki/Scuderia_AlphaTauri,AlphaTauri,Italian,7005713,+-1:24:07.342,10,50,1:21.183,kph,234.049,Australian Grand Prix,3,2023
2,16,16,0,18,56,Retired,sargeant,2,SAR,http://en.wikipedia.org/wiki/Logan_Sargeant,Logan,Sargeant,2000-12-31,American,williams,http://en.wikipedia.org/wiki/Williams_Grand_Prix_Engineering,Williams,British,7005930,+-1:24:07.559,13,50,1:21.456,kph,233.264,Australian Grand Prix,3,2023
20,17,17,0,14,52,Retired,kevin_magnussen,20,MAG,http://en.wikipedia.org/wiki/Kevin_Magnussen,Kevin,Magnussen,1992-10-05,Danish,haas,http://en.wikipedia.org/wiki/Haas_F1_Team,Haas F1 Team,American,5634610,+-1:01:16.239,14,52,1:21.685,kph,232.610,Australian Grand Prix,3,2023
63,18,R,0,2,17,Retired,russell,63,RUS,http://en.wikipedia.org/wiki/George_Russell_(racing_driver),George,Russell,1998-02-15,British,mercedes,http://en.wikipedia.org/wiki/Mercedes-Benz_in_Formula_One,Mercedes,German,,,18,16,1:22.680,kph,229.811,Australian Grand Prix,3,2023
23,19,R,0,8,6,Retired,albon,23,ALB,http://en.wikipedia.org/wiki/Alexander_Albon,Alexander,Albon,1996-03-23,Thai,williams,http://en.wikipedia.org/wiki/Williams_Grand_Prix_Engineering,Williams,British,,,19,6,1:23.349,kph,227.966,Australian Grand Prix,3,2023
16,20,R,0,7,0,Retired,leclerc,16,LEC,http://en.wikipedia.org/wiki/Charles_Leclerc,Charles,Leclerc,1997-10-16,Monegasque,ferrari,http://en.wikipedia.org/wiki/Scuderia_Ferrari,Ferrari,Italian,,,,,,,,Australian Grand Prix,3,2023
11,1,1,25,3,51,Finished,perez,11,PER,http://en.wikipedia.org/wiki/Sergio_P%C3%A9rez,Sergio,Pérez,1990-01-26,Mexican,red_bull,http://en.wikipedia.org/wiki/Red_Bull_Racing,Red Bull,Austrian,5562436,1:32:42.436,5,50,1:44.589,kph,206.625,Azerbaijan Grand Prix,4,2023
1,2,2,18,2,51,Finished,max_verstappen,33,VER,http://en.wikipedia.org/wiki/Max_Verstappen,Max,Verstappen,1997-09-30,Dutch,red_bull,http://en.wikipedia.org/wiki/Red_Bull_Racing,Red Bull,Austrian,5564573,+2.137,2,51,1:44.232,kph,207.333,Azerbaijan Grand Prix,4,2023
16,3,3,15,1,51,Finished,leclerc,16,LEC,http://en.wikipedia.org/wiki/Charles_Leclerc,Charles,Leclerc,1997-10-16,Monegasque,ferrari,http://en.wikipedia.org/wiki/Scuderia_Ferrari,Ferrari,Italian,5583653,+21.217,4,49,1:44.561,kph,206.681,Azerbaijan Grand Prix,4,2023
14,4,4,12,6,51,Finished,alonso,14,ALO,http://en.wikipedia.org/wiki/Fernando_Alonso,Fernando,Alonso,1981-07-29,Spanish,aston_martin,http://en.wikipedia.org/wiki/Aston_Martin_in_Formula_One,Aston Martin,British,5584460,+22.024,3,49,1:44.241,kph,207.315,Azerbaijan Grand Prix,4,2023
55,5,5,10,4,51,Finished,sainz,55,SAI,http://en.wikipedia.org/wiki/Carlos_Sainz_Jr.,Carlos,Sainz,1994-09-01,Spanish,ferrari,http://en.wikipedia.org/wiki/Scuderia_Ferrari,Ferrari,Italian,5607927,+45.491,6,48,1:45.175,kph,205.474,Azerbaijan Grand Prix,4,2023
44,6,6,8,5,51,Finished,hamilton,44,HAM,http://en.wikipedia.org/wiki/Lewis_Hamilton,Lewis,Hamilton,1985-01-07,British,mercedes,http://en.wikipedia.org/wiki/Mercedes-Benz_in_Formula_One,Mercedes,German,5608581,+46.145,7,48,1:45.346,kph,205.141,Azerbaijan Grand Prix,4,2023
18,7,7,6,9,51,Finished,stroll,18,STR,http://en.wikipedia.org/wiki/Lance_Stroll,Lance,Stroll,1998-10-29,Canadian,aston_martin,http://en.wikipedia.org/wiki/Aston_Martin_in_Formula_One,Aston Martin,British,5614053,+51.617,9,45,1:45.627,kph,204.595,Azerbaijan Grand Prix,4,2023
63,8,8,5,11,51,Finished,russell,63,RUS,http://en.wikipedia.org/wiki/George_Russell_(racing_driver),George,Russell,1998-02-15,British,mercedes,http://en.wikipedia.org/wiki/Mercedes-Benz_in_Formula_One,Mercedes,German,5636676,+1:14.240,1,51,1:43.370,kph,209.062,Azerbaijan Grand Prix,4,2023
4,9,9,2,7,51,Finished,norris,4,NOR,http://en.wikipedia.org/wiki/Lando_Norris,Lando,Norris,1999-11-13,British,mclaren,http://en.wikipedia.org/wiki/McLaren,McLaren,British,5642812,+1:20.376,12,49,1:45.738,kph,204.380,Azerbaijan Grand Prix,4,2023
22,10,10,1,8,51,Finished,tsunoda,22,TSU,http://en.wikipedia.org/wiki/Yuki_Tsunoda,Yuki,Tsunoda,2000-05-11,Japanese,alphatauri,http://en.wikipedia.org/wiki/Scuderia_AlphaTauri,AlphaTauri,Italian,5646298,+1:23.862,11,51,1:45.727,kph,204.401,Azerbaijan Grand Prix,4,2023
81,11,11,0,10,51,Finished,piastri,81,PIA,http://en.wikipedia.org/wiki/Oscar_Piastri,Oscar,Piastri,2001-04-06,Australian,mclaren,http://en.wikipedia.org/wiki/McLaren,McLaren,British,5648937,+1:26.501,10,51,1:45.631,kph,204.587,Azerbaijan Grand Prix,4,2023
23,12,12,0,12,51,Finished,albon,23,ALB,http://en.wikipedia.org/wiki/Alexander_Albon,Alexander,Albon,1996-03-23,Thai,williams,http://en.wikipedia.org/wiki/Williams_Grand_Prix_Engineering,Williams,British,5651059,+1:28.623,15,51,1:45.925,kph,204.019,Azerbaijan Grand Prix,4,2023
20,13,13,0,16,51,Finished,kevin_magnussen,20,MAG,http://en.wikipedia.org/wiki/Kevin_Magnussen,Kevin,Magnussen,1992-10-05,Danish,haas,http://en.wikipedia.org/wiki/Haas_F1_Team,Haas F1 Team,American,5652165,+1:29.729,13,51,1:45.850,kph,204.164,Azerbaijan Grand Prix,4,2023
10,14,14,0,17,51,Finished,gasly,10,GAS,http://en.wikipedia.org/wiki/Pierre_Gasly,Pierre,Gasly,1996-02-07,French,alpine,http://en.wikipedia.org/wiki/Alpine_F1_Team,Alpine F1 Team,French,5653768,+1:31.332,8,47,1:45.540,kph,204.764,Azerbaijan Grand Prix,4,2023
31,15,15,0,19,51,Finished,ocon,31,OCO,http://en.wikipedia.org/wiki/Esteban_Ocon,Esteban,Ocon,1996-09-17,French,alpine,http://en.wikipedia.org/wiki/Alpine_F1_Team,Alpine F1 Team,French,5660230,+1:37.794,14,49,1:45.908,kph,204.052,Azerbaijan Grand Prix,4,2023
2,16,16,0,14,51,Finished,sargeant,2,SAR,http://en.wikipedia.org/wiki/Logan_Sargeant,Logan,Sargeant,2000-12-31,American,williams,http://en.wikipedia.org/wiki/Williams_Grand_Prix_Engineering,Williams,British,5663379,+1:40.943,17,49,1:46.501,kph,202.916,Azerbaijan Grand Prix,4,2023
27,17,17,0,20,50,Lapped,hulkenberg,27,HUL,http://en.wikipedia.org/wiki/Nico_H%C3%BClkenberg,Nico,Hülkenberg,1987-08-19,German,haas,http://en.wikipedia.org/wiki/Haas_F1_Team,Haas F1 Team,American,5572373,+9.937,18,34,1:46.731,kph,202.479,Azerbaijan Grand Prix,4,2023
77,18,18,0,13,50,Lapped,bottas,77,BOT,http://en.wikipedia.org/wiki/Valtteri_Bottas,Valtteri,Bottas,1989-08-28,Finnish,alfa,http://en.wikipedia.org/wiki/Alfa_Romeo_in_Formula_One,Alfa Romeo,Swiss,5581534,+19.098,16,36,1:46.304,kph,203.292,Azerbaijan Grand Prix,4,2023
24,19,R,0,15,36,Retired,zhou,24,ZHO,http://en.wikipedia.org/wiki/Zhou_Guanyu,Guanyu,Zhou,1999-05-30,Chinese,alfa,http://en.wikipedia.org/wiki/Alfa_Romeo_in_Formula_One,Alfa Romeo,Swiss,,,19,31,1:47.553,kph,200.931,Azerbaijan Grand Prix,4,2023
21,20,R,0,18,9,Retired,de_vries,21,DEV,http://en.wikipedia.org/wiki/Nyck_de_Vries,Nyck,de Vries,1995-02-06,Dutch,alphatauri,http://en.wikipedia.org/wiki/Scuderia_AlphaTauri,AlphaTauri,Italian,,,20,4,1:48.781,kph,198.663,Azerbaijan Grand Prix,4,2023
1,1,1,26,9,57,Finished,max_verstappen,33,VER,http://en.wikipedia.org/wiki/Max_Verstappen,Max,Verstappen,1997-09-30,Dutch,red_bull,http://en.wikipedia.org/wiki/Red_Bull_Racing,Red Bull,Austrian,5258241,1:27:38.241,1,56,1:29.708,kph,217.184,Miami Grand Prix,5,2023
11,2,2,18,1,57,Finished,perez,11,PER,http://en.wikipedia.org/wiki/Sergio_P%C3%A9rez,Sergio,Pérez,1990-01-26,Mexican,red_bull,http://en.wikipedia.org/wiki/Red_Bull_Racing,Red Bull,Austrian,5263625,+5.384,3,57,1:30.560,kph,215.141,Miami Grand Prix,5,2023
14,3,3,15,2,57,Finished,alonso,14,ALO,http://en.wikipedia.org/wiki/Fernando_Alonso,Fernando,Alonso,1981-07-29,Spanish,aston_martin,http://en.wikipedia.org/wiki/Aston_Martin_in_Formula_One,Aston Martin,British,5284546,+26.305,2,57,1:30.519,kph,215.238,Miami Grand Prix,5,2023
63,4,4,12,6,57,Finished,russell,63,RUS,http://en.wikipedia.org/wiki/George_Russell_(racing_driver),George,Russell,1998-02-15,British,mercedes,http://en.wikipedia.org/wiki/Mercedes-Benz_in_Formula_One,Mercedes,German,5291470,+33.229,7,57,1:31.015,kph,214.065,Miami Grand Prix,5,2023
55,5,5,10,3,57,Finished,sainz,55,SAI,http://en.wikipedia.org/wiki/Carlos_Sainz_Jr.,Carlos,Sainz,1994-09-01,Spanish,ferrari,http://en.wikipedia.org/wiki/Scuderia_Ferrari,Ferrari,Italian,5300752,+42.511,10,55,1:31.362,kph,213.252,Miami Grand Prix,5,2023
44,6,6,8,13,57,Finished,hamilton,44,HAM,http://en.wikipedia.org/wiki/Lewis_Hamilton,Lewis,Hamilton,1985-01-07,British,mercedes,http://en.wikipedia.org/wiki/Mercedes-Benz_in_Formula_One,Mercedes,German,5309490,+51.249,4,57,1:30.669,kph,214.882,Miami Grand Prix,5,2023
16,7,7,6,7,57,Finished,leclerc,16,LEC,http://en.wikipedia.org/wiki/Charles_Leclerc,Charles,Leclerc,1997-10-16,Monegasque,ferrari,http://en.wikipedia.org/wiki/Scuderia_Ferrari,Ferrari,Italian,5311229,+52.988,11,57,1:31.434,kph,213.084,Miami Grand Prix,5,2023
10,8,8,4,5,57,Finished,gasly,10,GAS,http://en.wikipedia.org/wiki/Pierre_Gasly,Pierre,Gasly,1996-02-07,French,alpine,http://en.wikipedia.org/wiki/Alpine_F1_Team,Alpine F1 Team,French,5313911,+55.670,17,55,1:31.971,kph,211.840,Miami Grand Prix,5,2023
31,9,9,2,8,57,Finished,ocon,31,OCO,http://en.wikipedia.org/wiki/Esteban_Ocon,Esteban,Ocon,1996-09-17,French,alpine,http://en.wikipedia.org/wiki/Alpine_F1_Team,Alpine F1 Team,French,5316364,+58.123,9,56,1:31.143,kph,213.765,Miami Grand Prix,5,2023
20,10,10,1,4,57,Finished,kevin_magnussen,20,MAG,http://en.wikipedia.org/wiki/Kevin_Magnussen,Kevin,Magnussen,1992-10-05,Danish,haas,http://en.wikipedia.org/wiki/Haas_F1_Team,Haas F1 Team,American,5321186,+1:02.945,13,53,1:31.691,kph,212.487,Miami Grand Prix,5,2023
22,11,11,0,17,57,Finished,tsunoda,22,TSU,http://en.wikipedia.org/wiki/Yuki_Tsunoda,Yuki,Tsunoda,2000-05-11,Japanese,alphatauri,http://en.wikipedia.org/wiki/Scuderia_AlphaTauri,AlphaTauri,Italian,5322550,+1:04.309,8,56,1:31.038,kph,214.011,Miami Grand Prix,5,2023
18,12,12,0,18,57,Finished,stroll,18,STR,http://en.wikipedia.org/wiki/Lance_Stroll,Lance,Stroll,1998-10-29,Canadian,aston_martin,http://en.wikipedia.org/wiki/Aston_Martin_in_Formula_One,Aston Martin,British,5322995,+1:04.754,5,44,1:30.862,kph,214.426,Miami Grand Prix,5,2023
77,13,13,0,10,57,Finished,bottas,77,BOT,http://en.wikipedia.org/wiki/Valtteri_Bottas,Valtteri,Bottas,1989-08-28,Finnish,alfa,http://en.wikipedia.org/wiki/Alfa_Romeo_in_Formula_One,Alfa Romeo,Swiss,5329878,+1:11.637,15,56,1:31.838,kph,212.147,Miami Grand Prix,5,2023
23,14,14,0,11,57,Finished,albon,23,ALB,http://en.wikipedia.org/wiki/Alexander_Albon,Alexander,Albon,1996-03-23,Thai,williams,http://en.wikipedia.org/wiki/Williams_Grand_Prix_Engineering,Williams,British,5331102,+1:12.861,16,55,1:31.852,kph,212.115,Miami Grand Prix,5,2023
27,15,15,0,12,57,Finished,hulkenberg,27,HUL,http://en.wikipedia.org/wiki/Nico_H%C3%BClkenberg,Nico,Hülkenberg,1987-08-19,German,haas,http://en.wikipedia.org/wiki/Haas_F1_Team,Haas F1 Team,American,5333191,+1:14.950,6,36,1:30.901,kph,214.334,Miami Grand Prix,5,2023
24,16,16,0,14,57,Finished,zhou,24,ZHO,http://en.wikipedia.org/wiki/Zhou_Guanyu,Guanyu,Zhou,1999-05-30,Chinese,alfa,http://en.wikipedia.org/wiki/Alfa_Romeo_in_Formula_One,Alfa Romeo,Swiss,5336681,+1:18.440,14,56,1:31.736,kph,212.383,Miami Grand Prix,5,2023
4,17,17,0,16,57,Finished,norris,4,NOR,http://en.wikipedia.org/wiki/Lando_Norris,Lando,Norris,1999-11-13,British,mclaren,http://en.wikipedia.org/wiki/McLaren,McLaren,British,5345958,+1:27.717,20,47,1:32.401,kph,210.854,Miami Grand Prix,5,2023
21,18,18,0,15,57,Finished,de_vries,21,DEV,http://en.wikipedia.org/wiki/Nyck_de_Vries,Nyck,de Vries,1995-02-06,Dutch,alphatauri,http://en.wikipedia.org/wiki/Scuderia_AlphaTauri,AlphaTauri,Italian,5347190,+1:28.949,12,57,1:31.562,kph,212.786,Miami Grand Prix,5,2023
81,19,19,0,19,56,Lapped,piastri,81,PIA,http://en.wikipedia.org/wiki/Oscar_Piastri,Oscar,Piastri,2001-04-06,Australian,mclaren,http://en.wikipedia.org/wiki/McLaren,McLaren,British,5278751,+20.510,18,56,1:32.006,kph,211.760,Miami Grand Prix,5,2023
2,20,20,0,20,56,Lapped,sargeant,2,SAR,http://en.wikipedia.org/wiki/Logan_Sargeant,Logan,Sargeant,2000-12-31,American,williams,http://en.wikipedia.org/wiki/Williams_Grand_Prix_Engineering,Williams,British,5292629,+34.388,19,50,1:32.384,kph,210.893,Miami Grand Prix,5,2023
